,angle,trueIntercept,trueSlope
0,0.0,1.17738450668726,1.3890429171504128
1,10.0,1.1705544484408108,1.8067517366886274
2,20.0,1.1303232650309512,1.7521022637705213
3,30.0,1.1172292615723403,2.474054249818372
4,40.0,1.0199271828303071,1.516198848445832
5,50.0,1.0569027146088372,2.3505862782665647
6,60.0,1.0090616514441495,1.4553869144828089
7,80.0,0.9773784987472998,1.435247849337941
