,angle,trueIntercept,trueSlope
0,0.0,0.9924941135660772,1.583778745368421
1,10.0,1.1593748126895589,1.5073533606217915
2,20.0,1.0749127279206574,2.0127302664001405
3,30.0,1.019648734711944,1.5240828104972115
4,40.0,1.0054972214276765,1.6845000122011178
5,50.0,1.0058977799726954,1.5985655775967258
6,60.0,0.9580278613844512,1.4636700324386005
7,80.0,0.87101540231832,1.4551919612474058
