,angle,trueIntercept,trueSlope
0,0.0,0.9910217295221155,1.582481138312487
1,10.0,1.1575311168640894,1.5162597895848569
2,20.0,1.0764695182315556,2.0050376534517387
3,30.0,1.0189772571279818,1.5313799139420088
4,40.0,1.0036398078240993,1.6634833825249316
5,50.0,1.0070343158485076,1.6001301544527995
6,60.0,0.9584806761180591,1.469785619292566
7,80.0,0.8706380773848916,1.4604537050506088
